pub_date	title	venue	excerpt	citation	url_slug	paper_url
1/1/2019	MVPNet: Multi-View Point Regression Networks for 3D Object Reconstruction from A Single Image	The Thirty-Third AAAI Conference on Artificial Intelligence (AAAI-19)	None	"Your Name, You. (2009). ""Paper Title Number 1."" <i>Journal 1</i>. 1(1)."	mvpnet	http://academicpages.github.io/files/paper1.pdf
1/1/2019	MonoGRNet: A Geometric Reasoning Network for Monocular 3D Object Localization	The Thirty-Third AAAI Conference on Artificial Intelligence (AAAI-19)	None	"Your Name, You. (2010). ""Paper Title Number 2."" <i>Journal 1</i>. 1(2)."	monogrnet	http://academicpages.github.io/files/paper2.pdf
1/1/2019	Learning Fully Dense Neural Networks for Image Semantic Segmentation	The Thirty-Third AAAI Conference on Artificial Intelligence (AAAI-19)	None	"Your Name, You. (2015). ""Paper Title Number 3."" <i>Journal 1</i>. 1(3)."	fdnet	http://academicpages.github.io/files/paper3.pdf
1/1/2017	Progressive Large Scale-Invariant Image Matching in Scale Space	The IEEE International Conference on Computer Vision (ICCV)	None	"Your Name, You. (2015). ""Paper Title Number 3."" <i>Journal 1</i>. 1(3)."	matching	http://academicpages.github.io/files/paper3.pdf
1/1/2016	Color Correction for Image-Based Modelling in the Large	The 13th Asian Conference on Computer Vision (ACCV)	None	"Your Name, You. (2015). ""Paper Title Number 3."" <i>Journal 1</i>. 1(3)."	color	http://academicpages.github.io/files/paper3.pdf
1/1/2015	Image-based Building Regularization Using Structural Linear Features	IEEE Transactions on Visualization and Computer Graphics (TVCG)	None	"Your Name, You. (2015). ""Paper Title Number 3."" <i>Journal 1</i>. 1(3)."	building	http://academicpages.github.io/files/paper3.pdf
1/1/2015	Structure-driven Facade Parsing With Irregular Patterns	Asian Conference on Pattern Recognition (ACPR)	None	"Your Name, You. (2015). ""Paper Title Number 3."" <i>Journal 1</i>. 1(3)."	façade	http://academicpages.github.io/files/paper3.pdf
1/1/2015	Semantic Segmentation of Large-Scale Urban 3D Data with Low Annotation Cost	Computer Vision and Pattern Recognition (CVPR) Workshop	None	"Your Name, You. (2015). ""Paper Title Number 3."" <i>Journal 1</i>. 1(3)."	seg	http://academicpages.github.io/files/paper3.pdf
1/1/2015	Higher-order CRF Structural Segmentation of 3D Reconstructed Surfaces	 International Conference on Computer Vision (ICCV)	None	"Your Name, You. (2015). ""Paper Title Number 3."" <i>Journal 1</i>. 1(3)."	patch	http://academicpages.github.io/files/paper3.pdf
1/1/2014	Joint Segmentation of Images and Scanned Point Cloud in Large-Scale Street Scenes with Low Annotation Cost	IEEE Transactions On IMAGE PROCESSING (TIP)	None	"Your Name, You. (2015). ""Paper Title Number 3."" <i>Journal 1</i>. 1(3)."	joint	http://academicpages.github.io/files/paper3.pdf
1/1/2013	Learning CRFs for Image Parsing with Adaptive Subgradient Descent	IEEE International Conference on Computer Vision (ICCV)	None	"Your Name, You. (2015). ""Paper Title Number 3."" <i>Journal 1</i>. 1(3)."	subgradient	http://academicpages.github.io/files/paper3.pdf
